en,id,jv,su,formal_id
then,kemudian,,,kemudian
but,tetapi,nanging,tapi,tetapi
hers,milik dia,,,milik dia
same,sama,,,sama
the,,,,
to,ke,menyang,ka,ke
mustn't,,,,
they're,,,,
her,dia,dheweke,anjeunna,dia
only,hanya,,,hanya
isn,,,,
not,tidak,ora,henteu,tidak
an,,,,
between,antara,,,antara
couldn,,,,
they've,,,,
haven't,,,,
shan't,,,,
most,paling,,,paling
was,adalah,,,adalah
ma,,,,
how,bagaimana,piye,kumaha,bagaimana
some,beberapa,,,beberapa
no,tidak,ora,henteu,tidak
them,mereka,wong-wong,aranjeunna,mereka
once,,,,
from,dari,saka,ti,dari
i,saya,aku,abdi,saya
themselves,mereka sendiri,,,mereka sendiri
he'll,,,,
you've,,,,
hadn,,,,
didn't,,,,
i've,,,,
into,,,,
does,,,,
out,,,,
such,,,,
are,adalah,,,adalah
you,kamu,kowe,anjeun,kamu
and,dan,lan,jeung,dan
when,ketika,nalika,nalika,ketika
on,di,ing,di,di
weren,,,,
all,semua,kabeh,sadaya,semua
they'd,,,,
ourselves,kita sendiri,,,kita sendiri
re,,,,
it's,,,,
down,,,,
s,,,,
won,,,,
any,apapun,,,apapun
been,telah,,,telah
ours,milik kita,,,milik kita
hasn't,,,,
over,,,,
that'll,,,,
i'd,,,,
they,mereka,wong-wong,aranjeunna,mereka
doing,,,,
i'm,,,,
its,miliknya,,,miliknya
doesn't,,,,
can,bisa,,,bisa
again,,,,
these,ini,iki,ieu,ini
had,punya,,,punya
yourselves,,,,
she'll,,,,
am,,,,
yourself,kamu sendiri,,,kamu sendiri
each,,,,
we're,,,,
you'll,,,,
his,dia,dheweke,anjeunna,dia
mightn,,,,
myself,saya sendiri,,,saya sendiri
you'd,,,,
further,,,,
hadn't,,,,
who,siapa,sapa,saha,siapa
we've,,,,
because,karena,merga,sabab,karena
it'll,,,,
yours,milik kamu,,,milik kamu
ll,,,,
or,atau,utawa,atawa,atau
this,ini,iki,ieu,ini
that,itu,iku,eta,itu
did,,,,
if,jika,yen,lamun,jika
o,,,,
than,,,,
where,dimana,ngendi,dimana,dimana
a,,,,
wouldn't,,,,
about,tentang,,,tentang
before,sebelum,,,sebelum
against,melawan,,,melawan
mightn't,,,,
wasn't,,,,
needn,,,,
we'd,,,,
he,dia,dheweke,anjeunna,dia
during,selama,,,selama
off,,,,
it,itu,iku,eta,itu
they'll,,,,
below,bawah,,,bawah
until,sampai,,,sampai
both,,,,
after,setelah,,,setelah
weren't,,,,
d,,,,
herself,dia sendiri,,,dia sendiri
by,oleh,dening,ku,oleh
those,itu,iku,eta,itu
their,mereka,wong-wong,aranjeunna,mereka
him,dia,dheweke,anjeunna,dia
in,di,ing,di,di
which,yang mana,,,yang mana
own,,,,
other,,,,
haven,,,,
ve,,,,
of,dari,saka,ti,dari
aren,,,,
should,harus,,,harus
himself,dia sendiri,,,dia sendiri
y,,,,
t,,,,
shan,,,,
up,,,,
will,akan,arep,bade,akan
be,adalah,,,adalah
hasn,,,,
i'll,,,,
too,terlalu,,,terlalu
wasn,,,,
itself,itu sendiri,,,itu sendiri
whom,,,,
m,,,,
me,saya,aku,abdi,saya
few,sedikit,sithik,saeutik,sedikit
she's,,,,
wouldn,,,,
he's,,,,
do,,,,
don't,,,,
shouldn't,,,,
ain,,,,
my,saya,aku,abdi,saya
nor,,,,
have,punya,,,punya
why,mengapa,ngapa,naha,mengapa
now,sekarang,saiki,ayeuna,sekarang
so,jadi,,,jadi
while,sementara,,,sementara
didn,,,,
being,sedang,lagi,nuju,sedang
at,di,ing,di,di
more,lebih,,,lebih
having,mempunyai,,,mempunyai
theirs,milik mereka,,,milik mereka
won't,,,,
she,dia,dheweke,anjeunna,dia
has,punya,,,punya
here,disini,,,disini
for,untuk,kanggo,pikeun,untuk
mustn,,,,
shouldn,,,,
very,sangat,banget,pisan,sangat
under,bawah,,,bawah
you're,,,,
it'd,,,,
your,kamu,kowe,anjeun,kamu
should've,,,,
we'll,,,,
what,apa,apa,naon,apa
he'd,,,,
our,kita,awake dhewe,urang,kita
she'd,,,,
above,atas,,,atas
isn't,,,,
there,disana,,,disana
aren't,,,,
we,kita,awake dhewe,urang,kita
through,melalui,,,melalui
were,adalah,,,adalah
doesn,,,,
needn't,,,,
as,,,,
is,adalah,,,adalah
don,,,,
with,dengan,karo,sareng,dengan
couldn't,,,,
just,hanya,,,hanya
,wkwk,,,haha
,wkwkwk,,,hahaha
,wkwkwkwk,,,hahahaha
,xixixi,,,hehehe
,xixi,,,hehe
,hehe,,,hehe
,hihi,,,hihi
,hoho,,,hoho
,huhu,,,huhu
,wakaka,,,hahaha
,wakakaka,,,hahahaha
,kwkw,,,haha
,kwkwkw,,,hahaha
,kkkk,,,haha
,kkkkk,,,hahaha
,brb,,,be right back
,btw,,,by the way
,cmiiw,,,correct me if i am wrong
,fyi,,,for your information
,imho,,,in my humble opinion
,lol,,,laugh out loud
,omg,,,oh my god
,wtf,,,what the f
,asap,,,as soon as possible
,aka,,,also known as
,etc,,,et cetera
,lmao,,,laugh my ass off
,rofl,,,rolling on floor laughing
,ttyl,,,talk to you later
,imo,,,in my opinion
,tbh,,,to be honest
,nvm,,,never mind
,idk,,,i dont know
,irl,,,in real life
,dm,,,direct message
,pm,,,private message
,gw,aku,abdi,saya
,gue,aku,abdi,saya
,aku,aku,abdi,saya
,w,aku,abdi,saya
,lu,kowe,anjeun,kamu
,lo,kowe,anjeun,kamu
,elu,kowe,anjeun,kamu
,u,kowe,anjeun,kamu
,dia,dheweke,anjeunna,dia
,dy,dheweke,anjeunna,dia
,mrk,wong-wong,aranjeunna,mereka
,kt,awake dhewe,urang,kita
,kmi,awake,kami,kami
,bokap,,,ayah
,nyokap,,,ibu
,ortu,,,orang tua
,bro,,,saudara
,sis,,,saudari
,gan,,,juragan
,agan,,,juragan
,suhu,,,master
,mantap,apik,saé,bagus
,keren,apik,saé,bagus
,anjay,,,wow
,anjir,,,wow
,buset,,,wow
,gilak,,,gila
,gokil,,,gila
,kepo,,,ingin tahu
,gabut,,,tidak ada kegiatan
,baper,,,bawa perasaan
,galau,,,bingung
,bucin,,,budak cinta
,jones,,,jomblo ngenes
,php,,,pemberi harapan palsu
,pdkt,,,pendekatan
,ttm,,,teman tapi mesra
,clbk,,,cinta lama bersemi kembali
,skrg,saiki,ayeuna,sekarang
,skrang,saiki,ayeuna,sekarang
,ntar,mengko,engké,nanti
,tar,mengko,engké,nanti
,td,,,tadi
,kmrn,wingi,kamari,kemarin
,bsk,sesuk,isukan,besok
,hr,dina,dinten,hari
,mgg,,,minggu
,bln,,,bulan
,thn,,,tahun
,mnt,,,menit
,dtk,,,detik
,jam,,,jam
,gimana,piye,kumaha,bagaimana
,gmn,piye,kumaha,bagaimana
,bgmn,piye,kumaha,bagaimana
,kenapa,,,kenapa
,knp,,,kenapa
,knapa,,,kenapa
,dimana,ngendi,dimana,dimana
,dmn,ngendi,dimana,dimana
,dmana,ngendi,dimana,dimana
,kemana,,,kemana
,kmn,,,kemana
,kmana,,,kemana
,darimana,,,darimana
,drmn,,,darimana
,drmana,,,darimana
,siapa,sapa,saha,siapa
,spa,sapa,saha,siapa
,sapa,sapa,saha,siapa
,apa,apa,naon,apa
,apaan,apa,naon,apa
,apain,apa,naon,apa
,mana,endi,mana,mana
,mn,endi,mana,mana
,kapan,kapan,iraha,kapan
,kpn,kapan,iraha,kapan
,kpan,kapan,iraha,kapan
,gabisa,,,tidak bisa
,gasuka,,,tidak suka
,gatau,,,tidak tahu
,gapapa,,,tidak apa-apa
,udah,wis,parantos,sudah
,udeh,wis,parantos,sudah
,belom,durung,can,belum
,blom,durung,can,belum
,iya,,,ya
,yup,,,ya
,yep,,,ya
,aja,,,saja
,doang,,,saja
,kok,,,
,sih,,,
,deh,,,
,dong,,,
,lah,,,
,kah,,,
,tuh,,,
,nih,,,
,yah,,,
,wah,,,
,nah,,,
,kan,,,
,gitu,kaya ngono,kitu,begitu
,gini,kaya ngene,kieu,begini
,kayak,,,seperti
,kaya,,,seperti
,banget,banget,pisan,sangat
,bgt,banget,pisan,sangat
,bener,,,benar
,emang,,,memang
,memang,,,memang
,aduh,,,
,astaga,,,
,alamak,,,
,waduh,,,
,duh,,,
,ih,,,
,eh,,,
,ah,,,
,oh,,,
,uh,,,
,hmm,,,
,hm,,,
,em,,,
,um,,,
,huft,,,
,hufh,,,
,hufft,,,
,haah,,,
,haaah,,,
,aaah,,,
,oooh,,,
,uuuh,,,
,eeeh,,,
,iiih,,,
,owh,,,
,owwh,,,
,owwwh,,,
,yg,sing,nu,yang
,sy,aku,abdi,saya
,km,kowe,anjeun,kamu
,ini,iki,ieu,ini
,itu,iku,eta,itu
,dan,lan,jeung,dan
,atau,utawa,atawa,atau
,tp,nanging,tapi,tetapi
,krn,merga,sabab,karena
,jk,yen,lamun,jika
,ktk,nalika,nalika,ketika
,saat,nalika,nalika,saat
,wkt,,,waktu
,di,ing,di,di
,ke,menyang,ka,ke
,dr,saka,ti,dari
,utk,kanggo,pikeun,untuk
,dgn,karo,sareng,dengan
,pd,ing,dina,pada
,dlm,ing jero,dina,dalam
,olh,dening,ku,oleh
,adlh,,,adalah
,akn,arep,bade,akan
,tlh,,,telah
,sdh,wis,parantos,sudah
,sdg,lagi,nuju,sedang
,msh,isih,masih,masih
,blm,durung,can,belum
,tdk,ora,henteu,tidak
,bkn,dudu,sanés,bukan
,jgn,,,jangan
,ada,ana,aya,ada
,smu,kabeh,sadaya,semua
,stp,,,setiap
,bbp,,,beberapa
,bnyk,akeh,seueur,banyak
,sdkt,sithik,saeutik,sedikit
,sgt,banget,pisan,sangat
,agk,,,agak
,ckp,,,cukup
,tll,,,terlalu
,plg,,,paling
,lbh,,,lebih
,krg,,,kurang
,woles,,,santai
,santuy,,,santai
,newbie,,,pemula
,noob,,,pemula
,pro,,,profesional
,dalam,ing jero,dina,dalam
,kita,awake dhewe,urang,kita
,akhirnya,,,akhirnya
,tidak,ora,henteu,tidak
,depan,,,depan
,sama,,,sama
,suka,,,suka
,sebelas,,,sebelas
,mau,,,mau
,ketika,nalika,nalika,ketika
,barusan,,,barusan
,pelan,,,pelan
,sendiri,,,sendiri
,akan,arep,bade,akan
,gampang,,,gampang
,sekarang,saiki,ayeuna,sekarang
,oleh,dening,ku,oleh
,mereka,wong-wong,aranjeunna,mereka
,kira-kira,,,kira-kira
,dengan,karo,sareng,dengan
,sebenarnya,,,sebenarnya
,pendek,cendhak,pondok,pendek
,terlalu,,,terlalu
,malah,,,malah
,siang,awan,siang,siang
,sesudah,,,sesudah
,kiranya,,,kiranya
,serupa,,,serupa
,sebab,,,sebab
,begitu,kaya ngono,kitu,begitu
,hingga,,,hingga
,maghrib,,,maghrib
,anda,panjenengan,anjeun,anda
,pasti,,,pasti
,lebih,,,lebih
,engkau,,,engkau
,atas,,,atas
,lima,lima,lima,lima
,ratus,,,ratus
,baik,apik,saé,baik
,juga,,,juga
,susah,,,susah
,dirinya,,,dirinya
,keras,,,keras
,aku,,,aku
,setiap,,,setiap
,satu,siji,hiji,satu
,tiga,telu,tilu,tiga
,panjang,dawa,panjang,panjang
,antara,,,antara
,perlu,,,perlu
,yaitu,,,yaitu
,beda,,,beda
,jauh,,,jauh
,selama,,,selama
,ketiga,,,ketiga
,sedikit,sithik,saeutik,sedikit
,telah,,,telah
,pada,ing,dina,pada
,berbeda,,,berbeda
,dua,loro,dua,dua
,harus,,,harus
,nanti,mengko,engké,nanti
,tadi,,,tadi
,tipis,,,tipis
,boleh,,,boleh
,berat,,,berat
,dingin,,,dingin
,mengapa,ngapa,naha,mengapa
,setelah,,,setelah
,rendah,cendhek,handap,rendah
,ingin,,,ingin
,agaknya,,,agaknya
,tengah,,,tengah
,baru,anyar,anyar,baru
,ternyata,,,ternyata
,tentu,,,tentu
,menuju,,,menuju
,tinggi,dhuwur,luhur,tinggi
,rupanya,,,rupanya
,dulu,,,dulu
,tersebut,,,tersebut
,lagi,,,lagi
,berikut,,,berikut
,lunak,,,lunak
,agar,,,agar
,sejuk,,,sejuk
,kotor,,,kotor
,malam,bengi,wengi,malam
,sulit,angel,hese,sulit
,sedih,,,sedih
,tua,tuwa,sepuh,tua
,sangat,banget,pisan,sangat
,kepada,,,kepada
,kalian,,,kalian
,sebelum,,,sebelum
,detik,,,detik
,tahun,,,tahun
,luar,,,luar
,berani,,,berani
,dekat,,,dekat
,lebar,,,lebar
,panas,,,panas
,marah,,,marah
,hangat,,,hangat
,tetapi,nanging,tapi,tetapi
,hendak,,,hendak
,sekitar,,,sekitar
,agak,,,agak
,sore,sore,sonten,sore
,dua belas,,,dua belas
,triliun,,,triliun
,takut,,,takut
,apalagi,,,apalagi
,berapa,pira,sabaraha,berapa
,dari,saka,ti,dari
,halus,,,halus
,diantara,,,diantara
,sampai,,,sampai
,bisa,,,bisa
,miliar,,,miliar
,sedang,lagi,nuju,sedang
,bersih,,,bersih
,mudah,gampang,gampil,mudah
,seperti,,,seperti
,hanya,,,hanya
,kalau,,,kalau
,adalah,,,adalah
,tujuh,pitu,tujuh,tujuh
,masih,isih,masih,masih
,bagi,,,bagi
,mesti,,,mesti
,buruk,ala,awon,buruk
,cuma,,,cuma
,sudah,wis,parantos,sudah
,sayang,,,sayang
,lama,lawas,lami,lama
,besar,gedhe,ageung,besar
,dahulu,,,dahulu
,sehingga,,,sehingga
,ialah,,,ialah
,maka,,,maka
,pula,,,pula
,jelek,elek,awon,jelek
,barangkali,,,barangkali
,isya,,,isya
,bulan,,,bulan
,kering,,,kering
,mungkin,,,mungkin
,lainnya,,,lainnya
,namun,,,namun
,yakni,,,yakni
,sepuluh,sepuluh,sapuluh,sepuluh
,terhadap,,,terhadap
,basah,,,basah
,untuk,kanggo,pikeun,untuk
,diri,,,diri
,semua,kabeh,sadaya,semua
,juta,,,juta
,menit,,,menit
,pertama,,,pertama
,gimana,,,gimana
,cinta,,,cinta
,jangan,,,jangan
,sembilan,sanga,salapan,sembilan
,kiri,,,kiri
,kecil,cilik,alit,kecil
,kasar,,,kasar
,bahkan,,,bahkan
,cepat,cepet,gancang,cepat
,delapan,wolu,dalapan,delapan
,belum,durung,can,belum
,justru,,,justru
,kemudian,,,kemudian
,jadi,,,jadi
,jika,yen,lamun,jika
,subuh,,,subuh
,kami,awake,kami,kami
,hampir,,,hampir
,pagi,esuk,isuk,pagi
,tidak ada,ora ana,teu aya,tidak ada
,bagus,apik,saé,bagus
,dapat,,,dapat
,hari,dina,dinten,hari
,lambat,alon,laun,lambat
,waktu,,,waktu
,selanjutnya,,,selanjutnya
,supaya,,,supaya
,belakang,,,belakang
,sempit,,,sempit
,senang,,,senang
,demikian,,,demikian
,kini,,,kini
,minggu,,,minggu
,saja,,,saja
,tebal,,,tebal
,bukan,dudu,sanés,bukan
,enam,enem,genep,enam
,empat,papat,opat,empat
,besok,sesuk,isukan,besok
,bagaimana,piye,kumaha,bagaimana
,kemarin,wingi,kamari,kemarin
,puluh,,,puluh
,beliau,piyambakipun,anjeunna,beliau
,saya,aku,abdi,saya
,kanan,,,kanan
,karena,merga,sabab,karena
,lain,,,lain
,bawah,,,bawah
,sepertinya,,,sepertinya
,yang,sing,nu,yang
,kurang,,,kurang
,muda,enom,ngora,muda
,kamu,kowe,anjeun,kamu
,luas,,,luas
,beberapa,,,beberapa
,banyak,akeh,seueur,banyak
,begini,kaya ngene,kieu,begini
,paling,,,paling
,kedua,,,kedua
,pernah,,,pernah
,seberapa,,,seberapa
,ringan,,,ringan
,bila,,,bila
,lalu,,,lalu
,ribu,,,ribu
,cukup,,,cukup
,um,,,um
,kah,,,kah
,duh,,,duh
,aduh,,,aduh
,ya,,,ya
,iya,,,iya
,apa,,,apa
,nah,,,nah
,hm,,,hm
,banget,,,banget
,kan,,,kan
,kayak,,,kayak
,yep,,,yep
,lah,,,lah
,uh,,,uh
,oooh,,,oooh
,waduh,,,waduh
,eeeh,,,eeeh
,dong,,,dong
,begitu,,,begitu
,em,,,em
,eh,,,eh
,kapan,,,kapan
,hufh,,,hufh
,deh,,,deh
,iiih,,,iiih
,hmm,,,hmm
,owh,,,owh
,oh,,,oh
,astaga,,,astaga
,dimana,,,dimana
,bgt,,,bgt
,macam,,,macam
,yah,,,yah
,ih,,,ih
,kok,,,kok
,kaya,,,kaya
,wah,,,wah
,nih,,,nih
,huft,,,huft
,haaah,,,haaah
,alamak,,,alamak
,bener,,,bener
,mengapa,,,mengapa
,ah,,,ah
,tuh,,,tuh
,uuuh,,,uuuh
,gini,,,gini
,siapa,,,siapa
,owwh,,,owwh
,bagaimana,,,bagaimana
,aaah,,,aaah
,gitu,,,gitu
,yup,,,yup
,mana,,,mana
,hufft,,,hufft
,owwwh,,,owwwh
,begini,,,begini
,sih,,,sih
,emang,,,emang
,haah,,,haah
lmfao,,,,laugh my f ass off
rotfl,,,,rolling on the floor laughing
gtg,,,,got to go
bff,,,,best friends forever
afaik,,,,as far as i know
ftw,,,,for the win
smh,,,,shaking my head
tmi,,,,too much information
yolo,,,,you only live once
fomo,,,,fear of missing out
tbf,,,,to be fair
afk,,,,away from keyboard
g2g,,,,got to go
cya,,,,see you
thx,,,,thanks
np,,,,no problem
ur,,,,your
pls,,,,please
plz,,,,please
msg,,,,message
txt,,,,text
pic,,,,picture
vid,,,,video
app,,,,application
tech,,,,technology
info,,,,information
admin,,,,administrator
mod,,,,moderator
dev,,,,developer
beta,,,,beta
alpha,,,,alpha
demo,,,,demonstration
promo,,,,promotion
sale,,,,sale
deal,,,,deal
offer,,,,offer
free,,,,free
premium,,,,premium
pro,,,,professional
lite,,,,light
mini,,,,mini
max,,,,maximum
plus,,,,plus
extra,,,,extra
super,,,,super
mega,,,,mega
ultra,,,,ultra
,ygy,,,ya guys ya
,yaudah,,,ya sudah
,yaudeh,,,ya sudah
,yauda,,,ya sudah
,yasud,,,ya sudah
,yasudah,,,ya sudah
,yawes,,,ya sudah
,yowes,,,ya sudah
,pokoke,,,pokoknya
,pokoknya,,,pokoknya
,pokokna,,,pokoknya
,intinya,,,intinya
,intina,,,intinya
,sebenernya,,,sebenarnya
,sebenerna,,,sebenarnya
,makanya,,,makanya
,makana,,,makanya
,jadinya,,,jadinya
,jadina,,,jadinya
,terusnya,,,terusnya
,terusna,,,terusnya
,lagian,,,lagian
,lagina,,,lagian
,soalnya,,,soalnya
,soalna,,,soalnya
,padahal,,,padahal
,rupana,,,rupanya
,kayaknya,,,sepertinya
,kayakna,,,sepertinya
,keknya,,,sepertinya
,mgkn,,,mungkin
,brangkali,,,barangkali
,siapa tau,,,siapa tahu
,sapa tau,,,siapa tahu
,kali aja,,,kali saja
,kali aj,,,kali saja
,mudah2an,,,mudah-mudahan
,mudahan,,,mudah-mudahan
,semoga,,,semoga
,smoga,,,semoga
,insyaallah,,,insya allah
,insyallah,,,insya allah
,alhamdulillah,,,alhamdulillah
,subhanallah,,,subhanallah
,mashaallah,,,masha allah
,astaghfirullah,,,astaghfirullah
,bismillah,,,bismillah
,wallahu alam,,,wallahu alam
,wallahualam,,,wallahu alam
,aku,aku,,saya
,kowe,kowe,,kamu
,dheweke,dheweke,,dia
,awakmu,awakmu,,kamu
,awakne,awakne,,dia
,iki,iki,,ini
,iku,iku,,itu
,kene,kene,,sini
,kono,kono,,sana
,ngendi,ngendi,,dimana
,piye,piye,,bagaimana
,apa,apa,,apa
,sapa,sapa,,siapa
,kapan,kapan,,kapan
,ngapa,ngapa,,kenapa
,ning,ning,,di
,nang,nang,,di
,menyang,menyang,,ke
,saka,saka,,dari
,kanggo,kanggo,,untuk
,karo,karo,,dengan
,lan,lan,,dan
,utawa,utawa,,atau
,nanging,nanging,,tetapi
,merga,merga,,karena
,yen,yen,,jika
,nalika,nalika,,ketika
,arep,arep,,akan
,wis,wis,,sudah
,lagi,lagi,,sedang
,isih,isih,,masih
,durung,durung,,belum
,ora,ora,,tidak
,dudu,dudu,,bukan
,ana,ana,,ada
,ora ana,ora ana,,tidak ada
,kabeh,kabeh,,semua
,akeh,akeh,,banyak
,sithik,sithik,,sedikit
,banget,banget,,sangat
,apik,apik,,bagus
,elek,elek,,jelek
,gedhe,gedhe,,besar
,cilik,cilik,,kecil
,dawa,dawa,,panjang
,cendhak,cendhak,,pendek
,dhuwur,dhuwur,,tinggi
,cendhek,cendhek,,rendah
,anyar,anyar,,baru
,lawas,lawas,,lama
,enom,enom,,muda
,tuwa,tuwa,,tua
,cepet,cepet,,cepat
,alon,alon,,lambat
,gampang,gampang,,mudah
,angel,angel,,sulit
,saiki,saiki,,sekarang
,mengko,mengko,,nanti
,wingi,wingi,,kemarin
,sesuk,sesuk,,besok
,esuk,esuk,,pagi
,awan,awan,,siang
,sore,sore,,sore
,bengi,bengi,,malam
,siji,siji,,satu
,loro,loro,,dua
,telu,telu,,tiga
,papat,papat,,empat
,lima,lima,,lima
,enem,enem,,enam
,pitu,pitu,,tujuh
,wolu,wolu,,delapan
,sanga,sanga,,sembilan
,sepuluh,sepuluh,,sepuluh
,abdi,,abdi,saya
,anjeun,,anjeun,kamu
,anjeunna,,anjeunna,dia
,urang,,urang,kita
,aranjeunna,,aranjeunna,mereka
,ieu,,ieu,ini
,eta,,eta,itu
,dieu,,dieu,sini
,dinya,,dinya,sana
,dimana,,dimana,dimana
,kumaha,,kumaha,bagaimana
,naon,,naon,apa
,saha,,saha,siapa
,iraha,,iraha,kapan
,naha,,naha,kenapa
,nu,,nu,yang
,jeung,,jeung,dan
,atawa,,atawa,atau
,tapi,,tapi,tetapi
,sabab,,sabab,karena
,lamun,,lamun,jika
,ka,,ka,ke
,ti,,ti,dari
,pikeun,,pikeun,untuk
,sareng,,sareng,dengan
,dina,,dina,pada
,ku,,ku,oleh
,bade,,bade,akan
,parantos,,parantos,sudah
,nuju,,nuju,sedang
,masih,,masih,masih
,can,,can,belum
,henteu,,henteu,tidak
,sanés,,sanés,bukan
,aya,,aya,ada
,teu aya,,teu aya,tidak ada
,sadaya,,sadaya,semua
,seueur,,seueur,banyak
,saeutik,,saeutik,sedikit
,pisan,,pisan,sangat
,saé,,saé,bagus
,awon,,awon,jelek
,ageung,,ageung,besar
,alit,,alit,kecil
,panjang,,panjang,panjang
,pondok,,pondok,pendek
,luhur,,luhur,tinggi
,handap,,handap,rendah
,lami,,lami,lama
,ngora,,ngora,muda
,sepuh,,sepuh,tua
,gancang,,gancang,cepat
,laun,,laun,lambat
,gampil,,gampil,mudah
,hese,,hese,sulit
,ayeuna,,ayeuna,sekarang
,engké,,engké,nanti
,kamari,,kamari,kemarin
,isukan,,isukan,besok
,dinten,,dinten,hari
,isuk,,isuk,pagi
,siang,,siang,siang
,sonten,,sonten,sore
,wengi,,wengi,malam
,hiji,,hiji,satu
,dua,,dua,dua
,tilu,,tilu,tiga
,opat,,opat,empat
,genep,,genep,enam
,tujuh,,tujuh,tujuh
,dalapan,,dalapan,delapan
,salapan,,salapan,sembilan
,sapuluh,,sapuluh,sepuluh
,mantul,,,mantap betul
,mantep,,,mantap
,kece,,,keren
,kereen,,,keren
,kereeen,,,keren
,gila,,,gila
,anjrit,,,wow
,busyet,,,wow
,santai,,,santai
,slow,,,pelan
,sabar,,,sabar
,tenang,,,tenang
,kalem,,,tenang
,cool,,,keren
,asik,,,asik
,asyik,,,asik
,seru,,,seru
,lucu,,,lucu
,ngakak,,,tertawa
,ketawa,,,tertawa
,tertawa,,,tertawa
,haha,,,haha
,udah,,,sudah
,udeh,,,sudah
,belom,,,belum
,blom,,,belum
,gitu,,,begitu
,gini,,,begini
,banget,,,sangat
,bgt,,,sangat
,yg,,,yang
,sy,,,saya
,km,,,kamu
,dy,,,dia
,mrk,,,mereka
,kt,,,kita
,kmi,,,kami
,ini,,,ini
,itu,,,itu
,dan,,,dan
,atau,,,atau
,tp,,,tetapi
,krn,,,karena
,jk,,,jika
,ktk,,,ketika
,saat,,,saat
,di,,,di
,ke,,,ke
,dr,,,dari
,utk,,,untuk
,dgn,,,dengan
,pd,,,pada
,dlm,,,dalam
,olh,,,oleh
,akn,,,akan
,sdh,,,sudah
,sdg,,,sedang
,msh,,,masih
,blm,,,belum
,tdk,,,tidak
,bkn,,,bukan
,ada,,,ada
,smu,,,semua
,bnyk,,,banyak
,sdkt,,,sedikit
,sgt,,,sangat
,skrg,,,sekarang
,skrang,,,sekarang
,ntar,,,nanti
,tar,,,nanti
,kmrn,,,kemarin
,bsk,,,besok
,hr,,,hari
,gimana,,,bagaimana
,gmn,,,bagaimana
,bgmn,,,bagaimana
,dmn,,,dimana
,dmana,,,dimana
,spa,,,siapa
,sapa,,,siapa
,apaan,,,apa
,apain,,,apa
,mn,,,mana
,kpn,,,kapan
,kpan,,,kapan
,mantap,,,mantap
,keren,,,keren
,bagus,,,bagus
,jelek,,,jelek
,buruk,,,buruk
,oke,,,oke
,ok,,,oke
,okay,,,oke
,siap,,,siap
,ready,,,siap
,done,,,selesai
,finish,,,selesai
,selesai,,,selesai
,beres,,,selesai
,clear,,,jelas
,jelas,,,jelas
,paham,,,paham
,ngerti,,,mengerti
,mengerti,,,mengerti
,tau,,,tahu
,tahu,,,tahu
,kenal,,,kenal
,familiar,,,kenal
,asing,,,asing
,aneh,,,aneh
,weird,,,aneh
,strange,,,aneh
,normal,,,normal
,biasa,,,biasa
,usual,,,biasa
,special,,,khusus
,khusus,,,khusus
,istimewa,,,istimewa
,unik,,,unik
,unique,,,unik
,rare,,,langka
,langka,,,langka
,jarang,,,jarang
,sering,,,sering
,often,,,sering
,always,,,selalu
,selalu,,,selalu
,never,,,tidak pernah
,kadang,,,kadang
,sometimes,,,kadang
,maybe,,,mungkin
,perhaps,,,mungkin
,probably,,,mungkin
,definitely,,,pasti
,sure,,,yakin
,yakin,,,yakin
,doubt,,,ragu
,ragu,,,ragu
,bingung,,,bingung
,confused,,,bingung
,obvious,,,jelas
,simple,,,sederhana
,sederhana,,,sederhana
,complex,,,rumit
,rumit,,,rumit
,complicated,,,rumit
,easy,,,mudah
,mudah,,,mudah
,gampang,,,mudah
,difficult,,,sulit
,sulit,,,sulit
,susah,,,sulit
,hard,,,sulit
,soft,,,lembut
,lembut,,,lembut
,rough,,,kasar
,smooth,,,halus
,fast,,,cepat
,cepat,,,cepat
,quick,,,cepat
,slow,,,lambat
,lambat,,,lambat
,hot,,,panas
,cold,,,dingin
,warm,,,hangat
,cool,,,sejuk
,wet,,,basah
,dry,,,kering
,clean,,,bersih
,dirty,,,kotor
,fresh,,,segar
,segar,,,segar
,old,,,lama
,lama,,,lama
,new,,,baru
,baru,,,baru
,young,,,muda
,muda,,,muda
,old,,,tua
,tua,,,tua
,big,,,besar
,besar,,,besar
,small,,,kecil
,kecil,,,kecil
,tiny,,,kecil
,huge,,,besar
,large,,,besar
,long,,,panjang
,panjang,,,panjang
,short,,,pendek
,pendek,,,pendek
,tall,,,tinggi
,tinggi,,,tinggi
,low,,,rendah
,rendah,,,rendah
,high,,,tinggi
,wide,,,lebar
,narrow,,,sempit
,thick,,,tebal
,thin,,,tipis
,heavy,,,berat
,light,,,ringan
,strong,,,kuat
,kuat,,,kuat
,weak,,,lemah
,lemah,,,lemah
,powerful,,,kuat
,gentle,,,lembut
,violent,,,keras
,quiet,,,sepi
,sepi,,,sepi
,loud,,,keras
,noisy,,,berisik
,berisik,,,berisik
,silent,,,diam
,diam,,,diam
,speak,,,bicara
,bicara,,,bicara
,talk,,,bicara
,ngomong,,,bicara
,say,,,bilang
,bilang,,,bilang
,tell,,,cerita
,cerita,,,cerita
,story,,,cerita
,listen,,,dengar
,dengar,,,dengar
,hear,,,dengar
,see,,,lihat
,lihat,,,lihat
,look,,,lihat
,watch,,,tonton
,tonton,,,tonton
,read,,,baca
,baca,,,baca
,write,,,tulis
,tulis,,,tulis
,type,,,ketik
,ketik,,,ketik
,send,,,kirim
,kirim,,,kirim
,receive,,,terima
,terima,,,terima
,get,,,dapat
,give,,,kasih
,kasih,,,kasih
,take,,,ambil
,ambil,,,ambil
,put,,,taruh
,taruh,,,taruh
,place,,,tempat
,tempat,,,tempat
,go,,,pergi
,pergi,,,pergi
,come,,,datang
,datang,,,datang
,arrive,,,tiba
,tiba,,,tiba
,leave,,,pergi
,stay,,,tinggal
,tinggal,,,tinggal
,live,,,hidup
,hidup,,,hidup
,die,,,mati
,mati,,,mati
,born,,,lahir
,lahir,,,lahir
,grow,,,tumbuh
,tumbuh,,,tumbuh
,change,,,ubah
,ubah,,,ubah
,ganti,,,ganti
,same,,,sama
,different,,,beda
,similar,,,mirip
,mirip,,,mirip
,like,,,suka
,love,,,cinta
,hate,,,benci
,benci,,,benci
,angry,,,marah
,happy,,,senang
,sad,,,sedih
,cry,,,nangis
,nangis,,,nangis
,laugh,,,ketawa
,smile,,,senyum
,senyum,,,senyum
,afraid,,,takut
,scared,,,takut
,brave,,,berani
,worry,,,khawatir
,khawatir,,,khawatir
,calm,,,tenang
,stress,,,stres
,stres,,,stres
,relax,,,santai
,tired,,,capek
,capek,,,capek
,lelah,,,lelah
,sleep,,,tidur
,tidur,,,tidur
,wake,,,bangun
,bangun,,,bangun
,eat,,,makan
,makan,,,makan
,drink,,,minum
,minum,,,minum
,hungry,,,lapar
,lapar,,,lapar
,thirsty,,,haus
,haus,,,haus
,full,,,kenyang
,kenyang,,,kenyang
,empty,,,kosong
,kosong,,,kosong
,busy,,,sibuk
,sibuk,,,sibuk
,free,,,bebas
,bebas,,,bebas
,work,,,kerja
,kerja,,,kerja
,job,,,kerja
,play,,,main
,main,,,main
,game,,,permainan
,permainan,,,permainan
,fun,,,seru
,boring,,,bosan
,bosan,,,bosan
,interesting,,,menarik
,menarik,,,menarik
,important,,,penting
,penting,,,penting
,useful,,,berguna
,berguna,,,berguna
,useless,,,tidak berguna
,help,,,bantu
,bantu,,,bantu
,tolong,,,tolong
,please,,,tolong
,thanks,,,terima kasih
,terima kasih,,,terima kasih
,makasih,,,terima kasih
,thank you,,,terima kasih
,welcome,,,selamat datang
,selamat datang,,,selamat datang
,sorry,,,maaf
,maaf,,,maaf
,excuse me,,,permisi
,permisi,,,permisi
,hello,,,halo
,halo,,,halo
,hi,,,hai
,hai,,,hai
,bye,,,dadah
,dadah,,,dadah
,goodbye,,,selamat tinggal
,selamat tinggal,,,selamat tinggal
,good morning,,,selamat pagi
,selamat pagi,,,selamat pagi
,good afternoon,,,selamat siang
,selamat siang,,,selamat siang
,good evening,,,selamat sore
,selamat sore,,,selamat sore
,good night,,,selamat malam
,selamat malam,,,selamat malam
,weekend,,,akhir pekan
,akhir pekan,,,akhir pekan
,holiday,,,liburan
,liburan,,,liburan
,vacation,,,liburan
,school,,,sekolah
,sekolah,,,sekolah
,university,,,universitas
,universitas,,,universitas
,college,,,kuliah
,kuliah,,,kuliah
,student,,,siswa
,siswa,,,siswa
,teacher,,,guru
,guru,,,guru
,lesson,,,pelajaran
,pelajaran,,,pelajaran
,exam,,,ujian
,ujian,,,ujian
,test,,,tes
,tes,,,tes
,homework,,,pekerjaan rumah
,pr,,,pekerjaan rumah
,tugas,,,tugas
,assignment,,,tugas
,project,,,proyek
,proyek,,,proyek
,meeting,,,rapat
,rapat,,,rapat
,conference,,,konferensi
,konferensi,,,konferensi
,presentation,,,presentasi
,presentasi,,,presentasi
,report,,,laporan
,laporan,,,laporan
,document,,,dokumen
,dokumen,,,dokumen
,file,,,berkas
,berkas,,,berkas
,folder,,,folder
,computer,,,komputer
,komputer,,,komputer
,laptop,,,laptop
,phone,,,telepon
,telepon,,,telepon
,handphone,,,handphone
,hp,,,handphone
,smartphone,,,smartphone
,internet,,,internet
,website,,,situs web
,situs web,,,situs web
,email,,,email
,social media,,,media sosial
,media sosial,,,media sosial
,medsos,,,media sosial
,facebook,,,facebook
,instagram,,,instagram
,twitter,,,twitter
,whatsapp,,,whatsapp
,wa,,,whatsapp
,telegram,,,telegram
,youtube,,,youtube
,google,,,google
,search,,,cari
,cari,,,cari
,find,,,temukan
,temukan,,,temukan
,discover,,,temukan
,explore,,,jelajahi
,jelajahi,,,jelajahi
,browse,,,jelajah
,jelajah,,,jelajah
,click,,,klik
,klik,,,klik
,tap,,,ketuk
,ketuk,,,ketuk
,touch,,,sentuh
,sentuh,,,sentuh
,swipe,,,geser
,geser,,,geser
,scroll,,,gulir
,gulir,,,gulir
,zoom,,,perbesar
,perbesar,,,perbesar
,download,,,unduh
,unduh,,,unduh
,upload,,,unggah
,unggah,,,unggah
,share,,,bagikan
,bagikan,,,bagikan
,comment,,,komentar
,komentar,,,komentar
,reply,,,balas
,balas,,,balas
,follow,,,ikuti
,ikuti,,,ikuti
,unfollow,,,berhenti mengikuti
,block,,,blokir
,blokir,,,blokir
,report,,,laporkan
,laporkan,,,laporkan
,delete,,,hapus
,hapus,,,hapus
,edit,,,edit
,save,,,simpan
,simpan,,,simpan
,cancel,,,batal
,batal,,,batal
,confirm,,,konfirmasi
,konfirmasi,,,konfirmasi
,submit,,,kirim
,reset,,,reset
,refresh,,,segarkan
,segarkan,,,segarkan
,reload,,,muat ulang
,muat ulang,,,muat ulang
,update,,,perbarui
,perbarui,,,perbarui
,upgrade,,,tingkatkan
,tingkatkan,,,tingkatkan
,install,,,pasang
,pasang,,,pasang
,uninstall,,,hapus
,settings,,,pengaturan
,pengaturan,,,pengaturan
,options,,,pilihan
,pilihan,,,pilihan
,menu,,,menu
,home,,,beranda
,beranda,,,beranda
,profile,,,profil
,profil,,,profil
,account,,,akun
,akun,,,akun
,login,,,masuk
,masuk,,,masuk
,logout,,,keluar
,keluar,,,keluar
,register,,,daftar
,daftar,,,daftar
,signup,,,daftar
,password,,,kata sandi
,kata sandi,,,kata sandi
,username,,,nama pengguna
,nama pengguna,,,nama pengguna
,user,,,pengguna
,pengguna,,,pengguna
,member,,,anggota
,anggota,,,anggota
,guest,,,tamu
,tamu,,,tamu
,visitor,,,pengunjung
,pengunjung,,,pengunjung
,online,,,online
,offline,,,offline
,connected,,,terhubung
,terhubung,,,terhubung
,disconnected,,,terputus
,terputus,,,terputus
,loading,,,memuat
,memuat,,,memuat
,processing,,,memproses
,memproses,,,memproses
,complete,,,selesai
,incomplete,,,belum selesai
,belum selesai,,,belum selesai
,success,,,berhasil
,berhasil,,,berhasil
,failed,,,gagal
,gagal,,,gagal
,error,,,kesalahan
,kesalahan,,,kesalahan
,warning,,,peringatan
,peringatan,,,peringatan
,notice,,,pemberitahuan
,pemberitahuan,,,pemberitahuan
,notification,,,notifikasi
,notifikasi,,,notifikasi
,alert,,,peringatan
,message,,,pesan
,pesan,,,pesan
,chat,,,obrolan
,obrolan,,,obrolan
,conversation,,,percakapan
,percakapan,,,percakapan
,discussion,,,diskusi
,diskusi,,,diskusi
,debate,,,debat
,debat,,,debat
,argument,,,argumen
,argumen,,,argumen
,opinion,,,pendapat
,pendapat,,,pendapat
,idea,,,ide
,ide,,,ide
,thought,,,pikiran
,pikiran,,,pikiran
,mind,,,pikiran
,brain,,,otak
,otak,,,otak
,heart,,,hati
,hati,,,hati
,soul,,,jiwa
,jiwa,,,jiwa
,spirit,,,semangat
,semangat,,,semangat
,energy,,,energi
,energi,,,energi
,power,,,kekuatan
,kekuatan,,,kekuatan
,strength,,,kekuatan
,force,,,kekuatan
,pressure,,,tekanan
,tekanan,,,tekanan
,stress,,,tekanan
,tension,,,ketegangan
,ketegangan,,,ketegangan
,conflict,,,konflik
,konflik,,,konflik
,problem,,,masalah
,masalah,,,masalah
,issue,,,masalah
,trouble,,,masalah
,difficulty,,,kesulitan
,kesulitan,,,kesulitan
,challenge,,,tantangan
,tantangan,,,tantangan
,opportunity,,,kesempatan
,kesempatan,,,kesempatan
,chance,,,kesempatan
,possibility,,,kemungkinan
,kemungkinan,,,kemungkinan
,probability,,,kemungkinan
,risk,,,risiko
,risiko,,,risiko
,danger,,,bahaya
,bahaya,,,bahaya
,safe,,,aman
,aman,,,aman
,secure,,,aman
,protection,,,perlindungan
,perlindungan,,,perlindungan
,security,,,keamanan
,keamanan,,,keamanan
,privacy,,,privasi
,privasi,,,privasi
,secret,,,rahasia
,rahasia,,,rahasia
,public,,,publik
,publik,,,publik
,private,,,pribadi
,pribadi,,,pribadi
,personal,,,pribadi
,individual,,,individu
,individu,,,individu
,group,,,kelompok
,kelompok,,,kelompok
,team,,,tim
,tim,,,tim
,community,,,komunitas
,komunitas,,,komunitas
,society,,,masyarakat
,masyarakat,,,masyarakat
,culture,,,budaya
,budaya,,,budaya
,tradition,,,tradisi
,tradisi,,,tradisi
,custom,,,adat
,adat,,,adat
,habit,,,kebiasaan
,kebiasaan,,,kebiasaan
,routine,,,rutinitas
,rutinitas,,,rutinitas
,schedule,,,jadwal
,jadwal,,,jadwal
,plan,,,rencana
,rencana,,,rencana
,goal,,,tujuan
,tujuan,,,tujuan
,target,,,target
,objective,,,objektif
,objektif,,,objektif
,purpose,,,tujuan
,reason,,,alasan
,alasan,,,alasan
,cause,,,sebab
,effect,,,efek
,efek,,,efek
,result,,,hasil
,hasil,,,hasil
,outcome,,,hasil
,consequence,,,konsekuensi
,konsekuensi,,,konsekuensi
,impact,,,dampak
,dampak,,,dampak
,influence,,,pengaruh
,pengaruh,,,pengaruh
,akan tetapi,,,akan tetapi
,melainkan,,,melainkan
,oleh karena,,,oleh karena
,akibat,,,akibat
,apabila,,,apabila
,seandainya,,,seandainya
,andai,,,andai
,sewaktu,,,sewaktu
,tatkala,,,tatkala
,manakala,,,manakala
,sambil,,,sambil
,seraya,,,seraya
,biar,,,biar
,meskipun,,,meskipun
,walaupun,,,walaupun
,sekalipun,,,sekalipun
,kendatipun,,,kendatipun
,mengenai,,,mengenai
,tanpa,,,tanpa
,kecuali,,,kecuali
,selain,,,selain
,sejak,,,sejak
,semenjak,,,semenjak
,merupakan,,,merupakan
,mampu,,,mampu
,sanggup,,,sanggup
,wajib,,,wajib
,tak,,,tak
,bukanlah,,,bukanlah
,janganlah,,,janganlah
,tanpa,,,tanpa
,minus,,,minus
,kecuali,,,kecuali
,selain,,,selain
,seluruh,,,seluruh
,segenap,,,segenap
,segala,,,segala
,tiap,,,tiap
,masing-masing,,,masing-masing
,para,,,para
,kaum,,,kaum
,sebagian,,,sebagian
,separuh,,,separuh
,setengah,,,setengah
,sejumlah,,,sejumlah
,sekelompok,,,sekelompok
,terakhir,,,terakhir
,amat,,,amat
,sekali,,,sekali
,betul-betul,,,betul-betul
,benar-benar,,,benar-benar
,sungguh,,,sungguh
,sungguh-sungguh,,,sungguh-sungguh
,rada,,,rada
,lumayan,,,lumayan
,kelewat,,,kelewat
,kebangetan,,,kebangetan
,nyaris,,,nyaris
,kurang lebih,,,kurang lebih
,lebih kurang,,,lebih kurang
,pun,,,pun
,nya,,,nya
,mu,,,mu
,pun,,,pun
,sebaliknya,,,sebaliknya
,indeed,,,indeed
,nampaknya,,,nampaknya
,saat ini,,,saat ini
,dewasa ini,,,dewasa ini
,tempo dulu,,,tempo dulu
,masa lalu,,,masa lalu
,kelak,,,kelak
,esok,,,esok
,lusa,,,lusa
,kemaren,,,kemaren
,senantiasa,,,senantiasa
,terus,,,terus
,terus-menerus,,,terus-menerus
,kadang-kadang,,,kadang-kadang
,terkadang,,,terkadang
,sesekali,,,sesekali
,kerap,,,kerap
,acap,,,acap
,situ,,,situ
,disitu,,,disitu
,kesini,,,kesini
,kesana,,,kesana
,kesitu,,,kesitu
,sekeliling,,,sekeliling
,samping,,,samping
,sebelah,,,sebelah
,pinggir,,,pinggir
,tepi,,,tepi
,siapa saja,,,siapa saja
,adapun,,,adapun
,sedangkan,,,sedangkan
,sementara itu,,,sementara itu
,lagi pula,,,lagi pula
,tambahan pula,,,tambahan pula
,pada akhirnya,,,pada akhirnya
,kesimpulannya,,,kesimpulannya
,dengan demikian,,,dengan demikian
,oleh karena itu,,,oleh karena itu
,maka dari itu,,,maka dari itu
,sebaliknya,,,sebaliknya
,sebaliknya,,,sebaliknya
,walaupun demikian,,,walaupun demikian
,menjadi,,,menjadi
,menjadikan,,,menjadikan
,membuat,,,membuat
,membentuk,,,membentuk
,menggunakan,,,menggunakan
,memakai,,,memakai
,memanfaatkan,,,memanfaatkan
,memberikan,,,memberikan
,memberi,,,memberi
,menyediakan,,,menyediakan
,mengambil,,,mengambil
,memperoleh,,,memperoleh
,mendapat,,,mendapat
,mendapatkan,,,mendapatkan
,melakukan,,,melakukan
,menjalankan,,,menjalankan
,menjalani,,,menjalani
,memiliki,,,memiliki
,mohon,,,mohon
,silakan,,,silakan
,silahkan,,,silahkan
,mari,,,mari
,coba,,,coba
,cobalah,,,cobalah
,harap,,,harap
,sama-sama,,,sama-sama
,kembali,,,kembali
,selamat,,,selamat
,lho,,,lho
,tho,,,tho
,to,,,to
,met,,,selamat
,yaa,,,ya
,kk,,,kakak
,sii,,,sih
,rb,,,ribu
,lg,,,lagi
,bnk,,,bang
,sma,,,sama
,lgu,,,lagu
,jdi,,,jadi
,lgi,,,lagi
,gk,,,enggak
,kek,,,kayak
,yng,,,yang
,kn,,,kan
,org,,,orang
,yha,,,ya
,dhe,,,deh
,ga,,,enggak
,bs,,,bisa
,ko,,,kok
,bhs,,,bahasa
,gak,,,enggak
,d,,,ada
,dhi,,,di
,yu,,,yuk
,tpi,,,tapi
,kyk,,,kayak
,sll,,,selalu
,k,,,kak
,klo,,,kalo
,gni,,,begini
,hdk,,,hendak
,jugaa,,,juga
,aj,,,saja
,leh,,,boleh
,ugaaa,,,juga
,jugaaa,,,juga
,syg,,,sayang
,pny,,,punya
,ma,,,sama
,ny,,,nya
,d,,,di
,kri,,,kiri
,pda,,,pada
,cmn,,,cuman
,atu,,,satu
,bru,,,baru
,kgn,,,kangen
,smg,,,semoga
,tuk,,,untuk
,ea,,,ya
,qu,,,ku
,aza,,,saja
,alm,,,almarhum
,sie,,,sih
,tuu,,,tuh
,gda,,,enggak ada
,kta,,,kata
,emk,,,emak
,ajhh,,,saja
,dlu,,,dulu
,udh,,,sudah
,jln,,,jalan
,cm,,,cuma
,ama,,,sama
,lht,,,lihat
,trs,,,terus
,jan,,,jangan
,jga,,,juga
,bls,,,balas
,co,,,cowok
,pst,,,pasti
,laa,,,lah
,hdp,,,hidup
,sja,,,saja
,za,,,saja
,cpt,,,cepat
,y,,,ya
,fto,,,foto
,pke,,,pakai
,emg,,,memang
,ajha,,,saja
,ae,,,saja
,kh,,,kah
,kka,,,kakak
,yak,,,ya
,jd,,,jadi
,ohh,,,oh
,mlu,,,malu
,pgn,,,pengin
,cw,,,cewek
,ksh,,,kasih
,ank,,,anak
,ats,,,atas
,sey,,,sih
,kaa,,,kak
,gag,,,enggak
,ky,,,kaya
,lha,,,lah
,mw,,,mau
,thu,,,tuh
,mai,,,mau
,dl,,,dulu
,ajaaa,,,saja
,mo,,,mau
,bwt,,,buat
,blg,,,bilang
,ad,,,ada
,cwo,,,cowok
,klw,,,kalau
,mmg,,,memang
,g,,,enggak
,slh,,,salah
,sm,,,sama
,ajh,,,saja
,sbr,,,sabar
,ht,,,hati
,jg,,,juga
,mlm,,,malam
,sk,,,suka
,q,,,ku
,br,,,baru
,ihh,,,ih
,ntr,,,entar
,kya,,,kaya
,keq,,,kek
,bg,,,bang
,nha,,,nya
,bdn,,,badan
,na,,,nya
,lau,,,kau
,gn,,,begini
,kra,,,kira
,kog,,,kok
,mbk,,,mbak
,ajaa,,,saja
,mbg,,,mbak
,dpn,,,depan
,pi,,,tapi
,bli,,,beli
,k,,,ke
,kl,,,kalau
,dpt,,,dapat
,lw,,,lu
,gga,,,enggak
,mcm,,,macam
,kuy,,,yuk
,dh,,,deh
,geh,,,gih
,uga,,,juga
,bgs,,,bagus
,nda,,,indak
,th,,,tahun
,jugak,,,juga
,ughaa,,,juga
,bsa,,,bisa
,mb,,,mbak
,dri,,,dari
,ngk,,,enggak
,ahh,,,ah
,jgk,,,juga
,nti,,,nanti
,pgi,,,pagi
,uda,,,sudah
,b3,,,bertiga
,lcu,,,lucu
,pg,,,pagi
,pla,,,pula
,kw,,,kau
,fav,,,favorit
,bng,,,bang
,ynk,,,sayang
,cr,,,cara
,ms,,,masih
,cb,,,coba
,spt,,,seperti
,hrs,,,harus
,msk,,,masuk
,rmh,,,rumah
,elo,,,lo
,byk,,,banyak
,tdr,,,tidur
,ajah,,,saja
,ehh,,,eh
,mf,,,maaf
,iaa,,,ya
,kdg,,,kadang
,kli,,,kali
,ttp,,,tetap
,klu,,,kalau
,dg,,,dengan
,tw,,,tau
,ajja,,,saja
,gya,,,gaya
,sbg,,,sebagai
,bc,,,baca
,hay,,,hai
,py,,,punya
,wlo,,,walau
,lh,,,lah
,tx,,,tak
,keq,,,kayak
,fi,,,di
,ttg,,,tentang
,kl,,,kalo
,ja,,,saja
,dh,,,dah
,lma,,,lama
,ikh,,,ih
,dwh,,,deh
,la,,,lah
,ush,,,usah
,stu,,,satu
,tlp,,,telepon
,mkn,,,makin
,pk,,,pakai
,tk,,,tak
,hnya,,,hanya
,sj,,,saja
,sna,,,sana
,x,,,kali
,tot,,,entot
,bgi,,,bagi
,tlg,,,tolong
,tdi,,,tadi
,mgk,,,mungkin
,dng,,,dengan
,bhw,,,bahwa
,ni,,,nih
,mba,,,mbak
,jkt,,,jakarta
,suk,,,suka
,gx,,,enggak
,nd,,,indak
,da,,,sudah
,sby,,,surabaya
,tgl,,,tanggal
,enk,,,enak
,knl,,,kenal
,slm,,,salam
,hy,,,hai
,uhh,,,uh
,da,,,ada
,ygs,,,sayang
,krm,,,kirim
,sam,,,sama
,skg,,,sekarang
,skr,,,sekarang
,kpd,,,kepada
,spy,,,supaya
,nnt,,,nanti
,cew,,,cewek
,cow,,,cowok
,luu,,,lu
,yoo,,,ayo
,lt,,,lantai
,cwe,,,cewek
,seh,,,sih
,mh,,,mah
,px,,,punya
,dgr,,,dengar
,dah,,,deh
,jt,,,juta
,m,,,sama
,lyt,,,lihat
,cem,,,macam
,yee,,,ya
,bz,,,bisa
,aje,,,saja
,yok,,,yuk
,mmz,,,mas
,pu,,,punya
,waw,,,wow
,mz,,,mas
,hri,,,hari
,dtg,,,datang
,ps,,,pas
,dak,,,indak
,lwt,,,lewat
,cma,,,cuma
,jwb,,,jawab
,gaa,,,enggak
,mti,,,mati
,aer,,,air
,gg,,,enggak
,pjg,,,panjang
,bca,,,baca
,klg,,,keluarga
,yuu,,,yuk
,ono,,,sono
,loo,,,loh
,yh,,,ya
,iaa,,,iya
,ska,,,suka
,cba,,,coba
,nh,,,nih
,hub,,,hubungi
,ujg,,,ujung
,smp,,,sampai
,kki,,,kaki
,tay,,,tahi
,ori,,,orisinal
,mao,,,mau
,wjh,,,wajah
,skt,,,sakit
,tsb,,,tersebut
,t4,,,tempat
,gr2,,,gara-gara
,sud,,,sudah
,scr,,,secara
,kln,,,kalian
,bnr,,,benar
,flm,,,film
,ajahhh,,,saja
,pkk,,,pakai
,ade,,,adek
,z,,,saja
,kox,,,kok
,th,,,teh
,tmn,,,teman
,iih,,,ih
,blh,,,boleh
,lh,,,boleh
,do,,,di
,ajjh,,,saja
,may,,,mau
,so,,,sok
,mst,,,mesti
,add,,,ada
,wk,,,waktu
,eey,,,eh
,hny,,,hanya
,bka,,,buka
,awk,,,awak
,bw,,,bawa
,tgk,,,tengok
,kaj,,,kak
,sm2,,,sama-sama
,uih,,,uh
,mff,,,maaf
,ema,,,emak
,yuh,,,tuh
,loo,,,lo
,tai,,,tahi
,gtw,,,enggak tau
,qo,,,kok
,yo,,,ya
,yya,,,ya
,ud,,,sudah
,bt,,,buat
,mlh,,,malah
,hbs,,,habis
,kr,,,kira
,nt,,,nanti
,hat,,,hati
,jng,,,jangan
,luh,,,lu
,loe,,,lo
,nmr,,,nomor
,ntn,,,menonton
,pa2,,,apa-apa
,de,,,dek
,dii,,,di
,ooh,,,oh
,awl,,,awal
,smw,,,semua
,uuh,,,uh
,nga,,,enggak
,de,,,deh
,pen,,,pengin
,yoo,,,ya
,y,,,nya
,si,,,sih
,brg,,,bareng
,kha,,,kah
,s,,,si
,s,,,sih
,wik,,,wig
,gkk,,,enggak
,taz,,,atas
,yq,,,yang
,adl,,,adalah
,bhn,,,bahan
,le,,,boleh
,ugha,,,juga
,yam,,,ya
,koq,,,kok
,"ms""",,,masa-masa
,ngg,,,enggak
,slw,,,selow
,nyo,,,nya
,ajj,,,saja
,lsg,,,langsung
,bju,,,baju
,wrn,,,warna
,k',,,kak
,kuu,,,ku
,c,,,sih
,mlz,,,malas
,iy,,,iya
,dnk,,,dong
,kll,,,kalo
,neh,,,nih
,aee,,,saja
,am,,,sama
,tah,,,teh
,ppa,,,papa
,abg,,,abang
,msa,,,masa
,tpy,,,tapi
,ngp,,,mengapa
,or,,,orang
,taw,,,tau
,sjk,,,sejak
,oom,,,om
,dee,,,dek
,yap,,,ya
,klk,,,kelak
,ysh,,,ya
,hub,,,hubungan
,anj,,,anjing
,kt2,,,kata-kata
,sbb,,,sebab
,sp,,,sapa
,usa,,,usah
,nie,,,nih
,cri,,,cari
,nm,,,nama
,iyh,,,iya
,mlu,,,melulu
,th,,,tahu
,kel,,,keluarga
,da,,,dah
,tnp,,,tanpa
,lw,,,kalau
,kyy,,,kaya
,kq,,,kok
,b2,,,berdua
,mg,,,moga
,prh,,,parah
,maw,,,mau
,mk,,,maka
,tth,,,teteh
,lgs,,,langsung
,gde,,,gede
,guw,,,gue
,j,,,saja
,dsr,,,dasar
,kx,,,kak
,abs,,,habis
,jh,,,saja
,akuuu,,,aku
,akau,,,aku
,sayaa,,,saya
,aq,,,aku
,qt,,,kita
,kite,,,kita
,ak,,,aku
,diaa,,,dia
,kamo,,,kamu
,kmu,,,kamu
,kamuu,,,kamu
,aqu,,,aku
,qta,,,kita
,kqmu,,,kamu
,merka,,,mereka
,ktaa,,,kita
,q,,,aku
,mreka,,,mereka
,dya,,,dia
,sya,,,saya
,y,,,saya
,kemuh,,,kamu
,qm,,,kamu
,qmu,,,kamu
,kam,,,kamu
,alu,,,aku
,amu,,,kamu
,mrka,,,mereka
,kitaa,,,kita
,amohhh,,,kamu
,eyke,,,aku
,kitaaa,,,kita
,ktg,,,kita
,kta,,,kita
,akuu,,,aku
,akuh,,,aku
,mrekaa,,,mereka
,dieee,,,dia
,kiya,,,kita
,akuhh,,,aku
,diaaa,,,dia
,karna,,,karena
,ato,,,atau
,krna,,,karena
,dn,,,dan
,krena,,,karena
,atw,,,atau
,ktika,,,ketika
,kareno,,,karena
,bngt,,,banget
,bgttt,,,banget
,bangat,,,banget
,bat,,,banget
,bet,,,banget
,bnget,,,banget
,bgtt,,,banget
,bgtttt,,,banget
,banger,,,banget
,bngtt,,,banget
,nged,,,banget
,binggo,,,banget
,bingit,,,banget
,bngett,,,banget
,banged,,,banget
,bgd,,,banget
,ckup,,,cukup
,baget,,,banget
,banhet,,,banget
,bngtzt,,,banget
,begete,,,banget
,skli,,,sekali
,skali,,,sekali
,bget,,,banget
,nget,,,banget
,ngets,,,banget
,bgect,,,banget
,skalii,,,sekali
,sangt,,,sangat
,beut,,,banget
,bngttt,,,banget
,batwc,,,banget
,bgettt,,,banget
,bangt,,,banget
,aned,,,banget
,sngt,,,sangat
,babget,,,banget
,beudd,,,banget
,ngettt,,,banget
,beud,,,banget
,bets,,,banget
,trlalu,,,terlalu
,bngatt,,,banget
,bangrt,,,banget
,bhet,,,banget
,bettt,,,banget
,bngeet,,,banget
,trll,,,terlalu
,nanget,,,banget
,aneut,,,banget
,battt,,,banget
,bngy,,,banget
,ngetsz,,,banget
,anedh,,,banget
,aneed,,,banget
,gimna,,,bagaimana
,pa,,,apa
,apaaa,,,apa
,epe,,,apa
,knpa,,,kenapa
,brp,,,berapa
,brpa,,,berapa
,kapn,,,kapan
,ciapa,,,siapa
,mna,,,mana
,kanapa,,,kenapa
,gmana,,,bagaimana
,apah,,,apa
,ape,,,apa
,napa,,,kenapa
,ap,,,apa
,sp,,,siapa
,gmna,,,bagaimana
,kemn,,,kemana
,syp,,,siapa
,pan,,,kapan
,bgmana,,,bagaimana
,apaa,,,apa
,bgmna,,,bagaimana
,dmna,,,dimana
,siapaa,,,siapa
,kenape,,,kenapa
,knpp,,,kenapa
,brapa,,,berapa
,himana,,,bagaimana
,cpa,,,siapa
,apo,,,apa
,kapaan,,,kapan
,siappa,,,siapa
,sypa,,,siapa
,appa,,,apa
,gimn,,,bagaimana
,gtu,,,begitu
,tu,,,itu
,ni,,,ini
,inih,,,ini
,gituuu,,,begitu
,iniw,,,ini
,ituu,,,itu
,gituh,,,begitu
,nii,,,ini
,gthu,,,begitu
,it,,,itu
,nie,,,ini
,bgtu,,,begitu
,tuuu,,,itu
,inii,,,ini
,gt,,,begitu
,inia,,,ini
,gtuu,,,begitu
,geetoo,,,begitu
,gituu,,,begitu
,bgitu,,,begitu
,iu,,,itu
,ituh,,,itu
,in,,,ini
,gtuh,,,begitu
,bgtuu,,,begitu
,ithu,,,itu
,giti,,,begitu
,ne,,,ini
,thu,,,itu
,ituuuu,,,itu
,inihhh,,,ini
,giitu,,,begitu
,iniii,,,ini
,inni,,,ini
,nee,,,ini
,iniehh,,,ini
,ituuu,,,itu
